Specialization,Categories
Software Developers and Information Analyst,software developer
Software Developers and Information Analyst,developer
Software Developers and Information Analyst,senior developer
Software Developers and Information Analyst,programmer
Software Developers and Information Analyst,senior software engineer
Software Developers and Information Analyst,principal software engineer
Software Developers and Information Analyst,agm technology
Software Developers and Information Analyst,software engineer
Software Developers and Information Analyst,lead software engineer
Software Developers and Information Analyst,software development engineer
Software Developers and Information Analyst,senior software development engineer
Software Developers and Information Analyst,software design engineer
Software Developers and Information Analyst,associate software engineer
Software Developers and Information Analyst,full stack developer
Software Developers and Information Analyst,technical team lead
Software Developers and Information Analyst,technical team leader
Software Developers and Information Analyst,senior technical lead
Software Developers and Information Analyst,technical manager
Software Developers and Information Analyst,senior technical manager
Software Developers and Information Analyst,technology lead
Software Developers and Information Analyst,it analyst
Software Developers and Information Analyst,it
Software Developers and Information Analyst,staff software engineer
Software Developers and Information Analyst,it manager
Software Developers and Information Analyst,system administrator
Software Developers and Information Analyst,senior system engineer
Software Developers and Information Analyst,information and technology
Software Developers and Information Analyst,application developer
Software Developers and Information Analyst,app developer
Software Developers and Information Analyst,application development analyst
Software Developers and Information Analyst,application development specialist
Software Developers and Information Analyst,app programmer
Software Developers and Information Analyst,android programmer
Software Developers and Information Analyst,computer programmers
Software Developers and Information Analyst,systems analyst
Software Developers and Information Analyst,system analyst
Software Developers and Information Analyst,senior system analyst
Software Developers and Information Analyst,computer systems analyst
Software Developers and Information Analyst,system engineer
Software Developers and Information Analyst,systems engineer
Software Developers and Information Analyst,assistant system engineer
Software Developers and Information Analyst,information and technology
Software Developers and Information Analyst,web developer
Software Developers and Information Analyst,senior software developer
Software Developers and Information Analyst,technical team lead
Software Developers and Information Analyst,technical lead
Software Developers and Information Analyst,technical leader
Software Developers and Information Analyst,java developer
Software Developers and Information Analyst,android developer
Network and Security Engineer,computer network support specialists
Network and Security Engineer,computer user support specialists
Network and Security Engineer,computer network architects
Network and Security Engineer,network and computer systems administrators
Network and Security Engineer,network engineer
Network and Security Engineer,security engineer
Network and Security Engineer,information security engineer
Network and Security Engineer,network security engineer
Software Tester,quality assurance
Software Tester,qa
Software Tester,qc
Software Tester,quality assurace analyst
Software Tester,quality analyst
Software Tester,test engineer
Software Tester,software quality assurance
Software Tester,testers
Software Tester,software test engineer
Software Tester,test lead
Software Tester,test analyst
Database Architect,database administrators
Database Architect,database architects
Web Designers,graphic designer
Web Designers,designer
Web Designers,senior designer
Web Designers,senior web designer
Web Designers,user experience designer
Web Designers,senior graphic designer
Web Designers,web designer
Web Designers,3d animator
Web Designers,3d architecture visualizer
Web Designers,3d designer
Web Designers,3d generalist
Web Designers,3d game designer
Web Designers,3d juniour artist
Web Designers,3d modeler
Web Designers,3d visualizer & animator
Web Designers,creative 3d designer
Web Designers,creative lead 3d
Web Designers,freelance 2d and 3d generalist
Service/Product Delivery,solutions architect
Service/Product Delivery,solution architect
Service/Product Delivery,enterprise architect
Service/Product Delivery,systems architect
Service/Product Delivery,technical architect
Service/Product Delivery,solutions delivery executive
Service/Product Delivery,devops engineer
Service/Product Delivery,site reliability engineer
Service/Product Delivery,technology analyst
Service/Product Delivery,service delivery manager
BPO/KPO,process associate
BPO/KPO,outsourcing and offshoring
BPO/KPO,business process associate
Internal Support,it admin
Internal Support,it administration
Internal Support,it support
Internal Support,technical specialist
Analyst,business analyst
Analyst,lead analyst
Analyst,analyst
Analyst,ba
Analyst,bi
Analyst,business intelligence
Analyst,data analyst
Analyst,functional analyst
Analyst,subject matter expert
Analyst,sme
Analyst,business architect
Analyst,business intelligence analyst
Analyst,insight analyst
Analyst,user experience researcher
Analyst,ux researcher
Analyst,it business analyst
Analyst,usability analyst
Analyst,business systems analyst
Analyst,research analyst
Analyst,agile analyst
Analyst,agile business analyst
Analyst,market researcher
Analyst,market analyst
Analyst,senior analyst
Analyst,senior business analyst
Analyst,market research analyst
Finance And Trade Analysts,budget analysts
Finance And Trade Analysts,trade analyst
Finance And Trade Analysts,credit analysts
Finance And Trade Analysts,risk analyst
Finance And Trade Analysts,financial analyst
Finance And Trade Analysts,senior financial analyst
Finance And Trade Analysts,financial risk analyst
Finance And Trade Analysts,investment analyst
Finance And Trade Analysts,technical analyst
Security Analyst,network security analyst
Security Analyst,informaton security analyst
Data Scientist,data scientist
Data Scientist,decision scientist
Data Scientist,data engineer
Data Scientist,big data engineer
Data Scientist,big data scientist
Data Scientist,machine learning engineer
Miscellaneous Analyst,news analyst
Management Consultants,business consultant
Management Consultants,consultant
Management Consultants,senior consultant
Management Consultants,senior associate
Management Consultants,senior executive
Management Consultants,senior associate consultant
Management Consultants,management consultant
Management Consultants,analytics consultant
Management Consultants,data consultant
Management Consultants,business development consultant
Management Consultants,executive
Management Consultants,associate
Management Consultants,engagement manager
Management Consultants,associate consultant
Management Consultants,assistant consultant
Management Consultants,sales consultant
Management Consultants,marketing consultant
Management Consultants,digital marketing consultant
Management Consultants,knowledge management consultant
Management Consultants,management development consultant
Management Consultants,business information consultant
Management Consultants,knowledge management consultant
Management Consultants,performance consultant
Management Consultants,information management consultant
Solutions Delivery Consultant,solutions consultant
Solutions Delivery Consultant,process consultant
Solutions Delivery Consultant,service consultant
Solutions Delivery Consultant,client service consultant
Solutions Delivery Consultant,implementation consultant
Functional Consultant,building consultant
Functional Consultant,operations consultant
Functional Consultant,information consultant
Functional Consultant,real estate consultant
Functional Consultant,project manager consultant
Functional Consultant,talent acquisition consultant
Functional Consultant,talent management consultant
Functional Consultant,corporate consultant
Functional Consultant,technology consultant
Functional Consultant,senior technical consultant
Functional Consultant,it consultant
Functional Consultant,technical consultant
Functional Consultant,sap consultant
Functional Consultant,sap technical consultant
Functional Consultant,abap consultant
Functional Consultant,professional service consultant
Functional Consultant,quality consultant
Functional Consultant,system consultant
Functional Consultant,application consultant
Functional Consultant,website consultant
Functional Consultant,computer consultant
Functional Consultant,operations management consultant
Functional Consultant,executive management consultant
Finance Consultant,risk consultant
Finance Consultant,financial consultant
Marketing,marketing
Marketing,marketing executive
Marketing,marketing manager
Marketing,brand manager
Marketing,growth marketing
Marketing,product marketing
Marketing,marketing and promotions
Marketing,brand marketing
Marketing,brand activation
Marketing,brand
Marketing,brand strategy
Marketing,brand strategist
Marketing,content
Marketing,content marketing
Marketing,content strategist
Marketing,content specialist
Marketing,content writer
Marketing,campaign
Marketing,demand generation
Marketing,lead generation
Marketing,marketing communications
Marketing,solutions marketing
Marketing,advertising and events
Marketing,advertiser
Marketing,advertising photographer
Digital Marketing,digital strategist
Digital Marketing,online marketing
Digital Marketing,digital marketing
Digital Marketing,web strategist
Digital Marketing,web strategy
Digital Marketing,web marketing
Digital Marketing,web marketing specialist
Digital Marketing,internet marketing
Digital Marketing,internet marketing specialist
Digital Marketing,paid search
Digital Marketing,pay per click
Digital Marketing,sem
Digital Marketing,sem specialist
Digital Marketing,sem executive
Digital Marketing,search engine marketing
Digital Marketing,seo
Digital Marketing,seo specialist
Digital Marketing,seo executive
Digital Marketing,search engine operation
Digital Marketing,email marketer
Digital Marketing,email marketing
Digital Marketing,email marketing specialist
Digital Marketing,ecommerce marketing
Digital Marketing,e-comm marketing
Digital Marketing,ad words
Digital Marketing,portfolio marketing
Digital Marketing,digital product marketing
Digital Marketing,social media
Digital Marketing,social media marketing
Digital Marketing,social media marketing manager
Digital Marketing,social media strategist
Digital Marketing,social media editor
Digital Marketing,community
Digital Marketing,community engagement
Digital Marketing,engagement
Digital Marketing,engagement co-ordinator
Communications and PR,corporate communications
Communications and PR,corporate communications specialist
Communications and PR,media relations co-ordinator
Communications and PR,media relations
Communications and PR,corporate communications manager
Communications and PR,communications manager
Communications and PR,public relations
Communications and PR,publicity assistant
Communications and PR,multimedia communications
Communications and PR,multimedia communications manager
Partner Marketing,affiliate marketer
Partner Marketing,affiliate marketing
Partner Marketing,channel marketing
Partner Marketing,partner outreach
Partner Marketing,corporate partnership
Partner Marketing,partner marketing advisor
Partner Marketing,partnership
Partner Marketing,atl/btl
Partner Marketing,atl marketing
Partner Marketing,btl marketing
Sales,sales
Sales,sales associate
Sales,sales executive
Sales,sales operations
Sales,sales officer
Sales,sales operations coordinator
Sales,area sales manager
Sales,branch sales manager
Sales,regional head sales
Sales,regional sales officer
Sales,vice president sales
Sales,sales head
Sales,advertising sales representative
Sales,b2b corporate sales
Sales,direct sales
Sales,distribution sales
Sales,inside sales
Sales,outside sales
Sales,principal sales consultant
Sales,retail sales
Sales,presales and solutions
Sales,presales manager
Sales,store manager
Sales,district sales manager
Sales,territory sales manager
Sales,territory manager
Sales,franchise development
Sales,franchise manager
Sales,national sales manager
Sales,group sales manager
Sales,regional sales manager
Sales,dealer
Sales,enterprise resource planning
Sales,tele calling executive
Sales,sales manager
Sales,"sales, manager"
Sales,director of sales
Sales,presales
Sales,presales consultant
Sales,store and sales manager
Sales,enterprise sales manager
Sales,technology sales specialist
Sales,technology sales representative
Sales,sales
Sales Support,key account manager
Sales Support,account manager
Sales Support,account representative
Sales Support,account sales
Sales Support,account executive
Sales Support,channel partner sales
Sales Support,channel sales manager
Sales Support,regional sales account manager
Sales Support,regional account manager
Sales Support,customer relations
Sales Support,customer representative
Sales Support,customer service representative
Sales Support,consumer service
Sales Support,costumer service agent
Sales Support,support specialist
Sales Support,relationship manager
Sales Support,customer advocate
Sales Support,engagement manager
Sales Support,business manager
Business Development,business development manager
Business Development,business development
Business Development,business development executive
Business Development,business development associate
Business Development,business head
Business Development,area business manager
Engineering,civil engineer
Engineering,mechanical engineer
Engineering,electrical engineer
Engineering,electronic engineer
Engineering,engineer
Engineering,project engineer
Engineering,senior project engineer
Engineering,industrial engineer
Engineering,staff engineer
Engineering,technical support engineer
Engineering,senior test engineer
Engineering,junior engineer
Engineering,product engineer
Engineering,production engineer
Engineering,service engineer
Engineering,assistant engineer
Engineering,senior engineer
Engineering,engineering manager
Engineering,senior engineering manager
Engineering,project engineer
Engineering,lead engineer
Engineering - Quality Control,qa engineer
Engineering - Quality Control,quality assurance engineer
Engineering - Quality Control,quality engineer
Engineering Design,design engineer
Engineering Design,senior design engineer
Engineering Support,technician
Engineering Support,technician lead
Accountants and Auditors,accountant
Accountants and Auditors,auditor
Accountants and Auditors,senior accountant
Accountants and Auditors,ca
Accountants and Auditors,chartered accountant
Accountants and Auditors,cs
Accountants and Auditors,company secretary
Accountants and Auditors,property appraiser
Accountants and Auditors,accounts
Accountants and Auditors,property assessor
Banking,bank manager
Banking,bank chief manager
Banking,bank branch manager
Banking,bank cashier
Other Finance Titles,finance manager
Operations,process analyst
Operations,operations
Operations,business process solution
Operations,operations research analyst
Operations,operations co-ordinator
Operations,business process analyst
Operations,business operations analyst
Operations,operations specialist
Operations,operations analyst
Operations,ops analyst
Operations,vp operations
Operations,vice president of operations
Operations,operations manager
Operations,operations lead
Operations,operations head
Operations,operations assistant
Operations,operations supervisor
Operations,operations engineer
Operations,business operations manager
Operations,operations officer
Operations,strategy and operations
Operations,business operations specialist
Operations,operations tech
Operations,process engineer
Operations,senior process engineer
Operations,senior manager business operations
Operations,general manager operations
Operations,general manager ops
Operations,senior manager ops
Operations,ops officer
Operations,ops manager
Operations,operations management lead
Operations,ops management lead
Operations,strategy and operations lead
Operations,strategy and ops lead
Operations,vp global operations
Operations,evp strategic business operations
Operations,head business operations
Operations,head business ops
Operations,vp growth and operations
Operations,svp growth and operations
Supply Chain And Logistics,inventory clerk
Supply Chain And Logistics,supply chain and logistics coordinator
Supply Chain And Logistics,scl coordinator
Supply Chain And Logistics,agm exports
Supply Chain And Logistics,delivery manager
Supply Chain And Logistics,supply chain and logistics transportation specialist
Supply Chain And Logistics,scl specialist
Supply Chain And Logistics,supply chain and logistics sourcing specialist
Supply Chain And Logistics,scl sourcing specialist
Supply Chain And Logistics,purchasing agent
Supply Chain And Logistics,buyer
Supply Chain And Logistics,distribution manager
Supply Chain And Logistics,supply chain manager
Supply Chain And Logistics,supply chain analyst
Supply Chain And Logistics,area logistics manager
Supply Chain And Logistics,logistics operations manager
Supply Chain And Logistics,transportation logistics manager
Supply Chain And Logistics,supply chain business analyst
Supply Chain And Logistics,production warehouse manager
Supply Chain And Logistics,purchasing manager
Supply Chain And Logistics,category manager
Supply Chain And Logistics,procurement manager
Supply Chain And Logistics,procurement specialist
Supply Chain And Logistics,commodities manager
Supply Chain And Logistics,strategic sourcing manager
Supply Chain And Logistics,warehouse administrator
Supply Chain And Logistics,logistics manager
Supply Chain And Logistics,transport admininstrator
Supply Chain And Logistics,transport manager
Supply Chain And Logistics,warehouse manager
Supply Chain And Logistics,logistics administrator
Supply Chain And Logistics,supply chain solutions design analyst
Supply Chain And Logistics,supply chain finance management
Supply Chain And Logistics,supply chain it
Supply Chain And Logistics,supply chain consulting
Project Managers,project manager
Project Managers,senior project manager
Project Managers,technical project manager
Project Managers,project leader
Project Managers,project lead
Project Managers,project coordinator
Project Managers,development manager
Project Managers,assistant project manager
Program Manager,program manager
Program Manager,assistant program manager
Program Manager,deputy program manager
Program Manager,senior program manager
Program Manager,agile coach
Program Manager,agile coach and safe program
Program Manager,agile coach and safe program
Program Manager,agile program management
Product Manager,product manager
Product Manager,assistant product manager
Product Manager,senior product manager
Product Manager,technical product manager
Product Manager,product owner
Product Manager,group product manager
Product Manager,vp of product management
Product Manager,vp product management
Product Analyst,assistant product analyst
Product Analyst,product analyst
Product Analyst,assistant product analyst
Product Analyst,senior product analyst
Lawyers,lawyer
Lawyers,advocate
Lawyers,advisor
Lawyers,judge
Lawyers,magistrates
Lawyers,adjudicators
Lawyers,magistrate judges
Paralegal,paralegal
Paralegal,legal secretaries
Paralegal,legal assitants
Paralegal,legal support workers
Teacher,teacher
Teacher,high school teacher
Teacher,english teacher
Teacher,biology teacher
Teacher,science teacher
Teacher,arts teacher
Teacher,music teacher
Teacher,special educator
Professor,professor
Professor,associate professor
Professor,assistant professor
Professor,lecturer
Professor,graduate teaching assistant
School Administration,principal
School Administration,vice principal
School Administration,school coordinator
University Administration,chancellor
University Administration,vice-chancellor
University Administration,academic co-ordinator
Fashion Designer,fashion designer
Fashion Designer,stylist
Fashion Designer,assitant stylist
Fashion Designer,junior stylist
Fashion Designer,junior designer
Other Designer,interior designer
Other Designer,jewellery designer
Medic,doctor
Medic,medical doctor
Medic,junior doctor
Medic,physician
Medic,surgeon
Medic,surgery specialist
Medic,pediatrician
Medic,neurologist
Medic,psychiatrist
Paramedic,paramedic
Paramedic,nurse practitioner
Paramedic,nurse assistant
Paramedic,staff nurse
Paramedic,anaesthetist
Paramedic,radiologist
Pharmacist,pharmacist
Academic Research,research
Academic Research,research associate
Academic Research,research scholar
Academic Research,researcher
Technical Research,scientist
Executive Decision Makers,ceo
Executive Decision Makers,chief executive officer
Executive Decision Makers,chief technical officer
Executive Decision Makers,cto
Executive Decision Makers,chief technology officer
Executive Decision Makers,chief marketing officer
Executive Decision Makers,cmo
Executive Decision Makers,chief operating officer
Executive Decision Makers,coo
Executive Decision Makers,chief product officer
Executive Decision Makers,cpo
Executive Decision Makers,chief financial officer
Executive Decision Makers,cfo
Executive Decision Makers,director
Executive Decision Makers,co founder
Executive Decision Makers,owner
Executive Decision Makers,business owner
Executive Decision Makers,director of operations
Executive Decision Makers,director product
Executive Decision Makers,managing director
Executive Decision Makers,general manager
Executive Decision Makers,principal consultant
Executive Decision Makers,principal engineer
Executive Decision Makers,president
Executive Decision Makers,partner
Executive Decision Makers,founder
Executive Decision Makers,senior officer
Executive Decision Makers,senior director
Executive Decision Makers,chief manager
Executive Decision Makers,associate director
Executive Decision Makers,executive director
Executive Decision Makers,entrepreneur
Executive Decision Makers,associate general manager
Executive Decision Makers,assistant general manager
Executive Decision Makers,agm
Executive Decision Makers,managing partner
Executive Decision Makers,president
Support Staff - Executive Decision Makers,executive assistant
Human Resources,hr
Human Resources,human resources
Human Resources,human resource manager
Human Resources,human resources executive
Human Resources,human resources business partner
Human Resources,assistant manager human resources
Human Resources,human resource head
Human Resources,head human resources
Human Resources,senior executive human resources
Human Resources,human resources generalist
Human Resources,"human resources, manager"
Human Resources,"manager, human resources"
Human Resources,human resources recruiter
Human Resources,agm learning and development
Human Resources,agm training and development
Generic Managers,assistant manager
Generic Managers,associate manager
Generic Managers,team lead
Generic Managers,team leader
Generic Managers,lead
Generic Managers,head
Generic Managers,manager
Generic Managers,regional manager
Generic Managers,branch manager
Generic Managers,senior manager
Generic Managers,vice president
Generic Managers,senior vice president
Generic Managers,deputy manager
Generic Managers,assistant vice president
Generic Managers,associate vice president
Generic Managers,area managers
Generic Managers,dy manager
Generic Managers,team manager
Generic Titles,operations
Generic Titles,member of technical staff
Generic Titles,specialist
Generic Titles,officer
Generic Titles,fresher
Generic Titles,business
Generic Titles,senior member of technical staff
Generic Titles,supervisor
Generic Titles,senior specialist
Generic Titles,internship
Generic Titles,trainer
Generic Titles,faculty
Generic Titles,student
Generic Titles,intern
Generic Titles,architect
Generic Titles,administrator
Generic Titles,trainee
Generic Titles,assistant
Generic Titles,module lead
